<?xml version="1.0" encoding="UTF-8"?>
<project-private xmlns="http://www.netbeans.org/ns/project-private/1">
    <editor-bookmarks xmlns="http://www.netbeans.org/ns/editor-bookmarks/2" lastBookmarkId="0"/>
    <open-files xmlns="http://www.netbeans.org/ns/projectui-open-files/2">
        <group>
            <file>file:/C:/Users/elias/Documents/Xampp/htdocs/DonSimonLasPalmas/clases.php</file>
            <file>file:/C:/Users/elias/Documents/Xampp/htdocs/DonSimonLasPalmas/loginempleados.php</file>
            <file>file:/C:/Users/elias/Documents/Xampp/htdocs/DonSimonLasPalmas/index.php</file>
            <file>file:/C:/Users/elias/Documents/Xampp/htdocs/DonSimonLasPalmas/comprar.php</file>
            <file>file:/C:/Users/elias/Documents/Xampp/htdocs/DonSimonLasPalmas/areaempleado.php</file>
            <file>file:/C:/Users/elias/Documents/Xampp/htdocs/DonSimonLasPalmas/areaadmin.php</file>
            <file>file:/C:/Users/elias/Documents/Xampp/htdocs/DonSimonLasPalmas/verpedido.php</file>
            <file>file:/C:/Users/elias/Documents/Xampp/htdocs/DonSimonLasPalmas/BD.php</file>
        </group>
    </open-files>
</project-private>
